{"count":1,"self":186.3771904,"total":413.7215139,"children":{"InitializeActuators":{"count":1,"self":0.0020017999999999998,"total":0.0020017999999999998,"children":null},"InitializeSensors":{"count":1,"self":0.0020017999999999998,"total":0.0020017999999999998,"children":null},"AgentSendState":{"count":240234,"self":0.37167239999999996,"total":3.9781467999999998,"children":{"CollectObservations":{"count":56044,"self":0.2848063,"total":0.2848063,"children":null},"WriteActionMask":{"count":46593,"self":0.020027299999999998,"total":0.020027299999999998,"children":null},"RequestDecision":{"count":46593,"self":0.12268889999999999,"total":3.3016408,"children":{"AgentInfo.ToProto":{"count":46593,"self":0.141974,"total":3.1789519,"children":{"GenerateSensorData":{"count":46593,"self":3.036978,"total":3.0369778999999997,"children":null}}}}}}},"DecideAction":{"count":230783,"self":222.0553728,"total":222.05536039999998,"children":null},"AgentAct":{"count":230783,"self":0.4510996,"total":0.4510996,"children":null},"AgentInfo.ToProto":{"count":4813,"self":0.016006,"total":0.8547173,"children":{"GenerateSensorData":{"count":4813,"self":0.83871129999999994,"total":0.83871129999999994,"children":null}}}},"gauges":{"AvoidBullet.CumulativeReward":{"count":4813,"max":1,"min":-1,"runningAverage":0.6941615,"value":1,"weightedAverage":0.9999999}},"metadata":{"timer_format_version":"0.1.0","start_time_seconds":"1653228133","unity_version":"2021.3.3f1","command_line_arguments":"C:\\Program Files\\Unity\\Hub\\Editor\\2021.3.3f1\\Editor\\Unity.exe -projectpath C:\/Users\/Thekaz\/Documents\/GitHub\/MtlMineCraftRain\/MineCraftRain -useHub -hubIPC -cloudEnvironment production -skipUpgradeDialogs -hubSessionId 8c5a7ac0-d925-11ec-862d-fd2782db5d3c -accessToken BtRmt5YWt7zFwQmDwLB_R3rdVsCFg6xoBt1AL8_Mqtg006f","communication_protocol_version":"1.5.0","com.unity.ml-agents_version":"2.0.1","scene_name":"AvoidProjectil","end_time_seconds":"1653228547"}}