{"cameraMode":{"drawMode":0,"name":"Shaded","section":"Shading Mode"},"sceneLighting":false,"audioPlay":false,"sceneViewState":{"m_AlwaysRefresh":false,"showFog":true,"showSkybox":false,"showFlares":true,"showImageEffects":true,"showParticleSystems":true,"showVisualEffectGraphs":true,"m_FxEnabled":true},"in2DMode":false,"pivot":{"x":-0.44525158405303957,"y":2.062354564666748,"z":2.669123411178589},"rotation":{"x":0.08828313648700714,"y":-0.04779530689120293,"z":0.004240863490849733,"w":0.9949449300765991},"size":2.592294931411743,"orthographic":false}